{"0":{"T":13.5,"RH":37.75,"NOx(GT)":125.3},"1":{"T":13.4750001431,"RH":37.3500003815,"NOx(GT)":140.3},"2":{"T":12.7249999046,"RH":40.7749996185,"NOx(GT)":109.2},"3":{"T":12.0,"RH":44.1500005722,"NOx(GT)":99.1},"4":{"T":10.4500000477,"RH":48.7250003815,"NOx(GT)":119.9},"5":{"T":10.0500001907,"RH":49.6750001907,"NOx(GT)":82.7},"6":{"T":9.5500001907,"RH":51.0,"NOx(GT)":60.0},"7":{"T":9.1249997616,"RH":52.375,"NOx(GT)":74.7},"8":{"T":8.9250001907,"RH":52.7249994278,"NOx(GT)":126.6},"9":{"T":13.5250000954,"RH":39.9750003815,"NOx(GT)":134.0},"10":{"T":17.8250002861,"RH":30.6749997139,"NOx(GT)":191.9},"11":{"T":21.125,"RH":23.7250003815,"NOx(GT)":166.4},"12":{"T":24.0,"RH":19.2749996185,"NOx(GT)":171.3},"13":{"T":26.4500002861,"RH":16.4499998093,"NOx(GT)":177.0},"14":{"T":28.6749997139,"RH":13.7000000477,"NOx(GT)":118.7},"15":{"T":28.4749999046,"RH":13.0749998093,"NOx(GT)":120.6},"16":{"T":30.0,"RH":11.0749998093,"NOx(GT)":141.9},"17":{"T":29.4250001907,"RH":10.3750002384,"NOx(GT)":197.3},"18":{"T":28.875,"RH":9.8750002384,"NOx(GT)":241.8},"19":{"T":22.8000005086,"RH":21.6999994914,"NOx(GT)":190.1},"20":{"T":19.9249997139,"RH":33.0499997139,"NOx(GT)":367.4},"21":{"T":17.5,"RH":40.7249994278,"NOx(GT)":355.0},"22":{"T":16.4499998093,"RH":46.5500001907,"NOx(GT)":235.2},"23":{"T":15.5250000954,"RH":48.9750003815,"NOx(GT)":232.7},"24":{"T":14.2750000954,"RH":52.5,"NOx(GT)":170.1},"25":{"T":14.1749999523,"RH":51.4499998093,"NOx(GT)":117.2},"26":{"T":13.8499999046,"RH":51.1500005722,"NOx(GT)":69.6},"27":{"T":12.0999999046,"RH":56.3000001907,"NOx(GT)":69.0},"28":{"T":11.3250000477,"RH":58.8999986649,"NOx(GT)":61.7},"29":{"T":11.8250000477,"RH":55.9750003815,"NOx(GT)":52.3},"30":{"T":10.4000000954,"RH":59.875,"NOx(GT)":76.5},"31":{"T":9.5499999523,"RH":63.1499996185,"NOx(GT)":182.2},"32":{"T":9.6749999523,"RH":61.9249992371,"NOx(GT)":593.7},"33":{"T":13.5499997139,"RH":48.875,"NOx(GT)":586.2},"34":{"T":18.1500005722,"RH":36.2750005722,"NOx(GT)":522.7},"35":{"T":21.8500003815,"RH":29.25,"NOx(GT)":471.7},"36":{"T":24.3250002861,"RH":23.7249999046,"NOx(GT)":353.3},"37":{"T":26.8999996185,"RH":18.3499996662,"NOx(GT)":293.0},"38":{"T":28.3249998093,"RH":13.5499999523,"NOx(GT)":234.5},"39":{"T":28.5000004768,"RH":13.125,"NOx(GT)":265.2},"40":{"T":28.7908689952,"RH":16.0534629264,"NOx(GT)":215.0099387169},"41":{"T":28.3196859598,"RH":18.9854782973,"NOx(GT)":194.7667289227},"42":{"T":27.3953658807,"RH":21.6715980964,"NOx(GT)":219.9018164724},"43":{"T":25.0428459332,"RH":26.4329767596,"NOx(GT)":253.8367465138},"44":{"T":22.9174820901,"RH":30.5193816265,"NOx(GT)":289.7695228904},"45":{"T":21.6896672871,"RH":34.3097336254,"NOx(GT)":283.7832908779},"46":{"T":20.054494222,"RH":39.305788169,"NOx(GT)":248.3233561814},"47":{"T":18.3625473746,"RH":44.5674714281,"NOx(GT)":206.9748654813},"48":{"T":16.9918446802,"RH":48.8789007513,"NOx(GT)":168.9529933929},"49":{"T":16.15420412,"RH":51.460788253,"NOx(GT)":132.7319209278},"50":{"T":15.7441546188,"RH":52.4812266047,"NOx(GT)":107.4184503108},"51":{"T":15.8053103259,"RH":52.3538448773,"NOx(GT)":117.2255133688},"52":{"T":15.772208916,"RH":52.8554059838,"NOx(GT)":128.9462602884},"53":{"T":15.4174573114,"RH":53.5869843982,"NOx(GT)":96.3693304956},"54":{"T":15.3979174186,"RH":54.087341151,"NOx(GT)":103.149185583}}